huit cours Grandval, vingt mille Ajaccio
onze rue Forcioli-Conti, vingt, zéro zéro zéro, Ajaccio
vingt-six lotissement Communal de Pascia Vecchia, vingt, cent vingt-quatre à Zonza
Parc Berthault, vingt mille Ajaccio
Lotissement Les Parcs de Porto Vécchio, vingt, cent trente-sept Porto-Vecchio
Route du Vittulo, Ajaccio
Boulevard du Roi Jérôme à Ajaccio
six avenue Napoleon trois
Rue du Roi de Rome au numéro six
six chemin de Buggiale, vingt mille cent treize Olmeto
vingt-huit cours Napoléon, vingt, cent trente-sept, Porto-Vecchio
treize rue des Pachas, vingt, cent soixante-neuf à Bonifacio
Rue de la Porta, vingt mille Ajaccio
Chemin de la Pietrina, vingt, zéro zéro zéro Ajaccio
Boulevard Sylvestre Marcaggi, Ajaccio
Rue Sureddi Galloni d'Istria à Olmeto
deux cent soixante-six P rue des Trois Maries
Rue du Maréchal Ornano au numéro trois
trente et un rue Docteur Dell Pellegrino, vingt mille Ajaccio
treize rue Jean Donat Leandri, vingt, cent dix, Propriano
onze rue Col Colonna d'Ornano, vingt, zéro zéro zéro à Ajaccio
Lotissement Domaine de Pinarello, vingt mille cent vingt-quatre Zonza
Rue du Général Fiorella, vingt, zéro zéro zéro Ajaccio
Rue A Liscia, Ajaccio
Lotissement Moretti à Afa
deux avenue Beverini Vico
Lotissement Hameaux de Petra Pinzuta au numéro trois
vingt et un cours Lucien Bonaparte, vingt mille Ajaccio
huit montée de la Paratella, vingt, cent dix, Propriano
quarante-huit rue U Golu, vingt, zéro zéro zéro à Ajaccio
Boulevard Pugliesi Conti, vingt mille Ajaccio
Rue Miss Campbell, vingt, zéro zéro zéro Ajaccio
Boulevard Fred Scamaroni, Ajaccio
Lotissement Arasu Sottanu à Zonza
six lotissement Les Hauts de Solenzara
Impasse Quatrina au numéro neuf
un rue Sainte-Lucie, vingt mille Ajaccio
quatre-vingt-un rue U Taravu, vingt, zéro zéro zéro, Ajaccio
treize rue A Gravona, vingt, zéro zéro zéro à Ajaccio
Rue Cardinal Fesch, vingt mille Ajaccio
Lotissement Susini, vingt, cent quarante-six Sotta
Rue du Conventionnel Chiappe, Ajaccio
Rue du Commandant Benielli à Ajaccio
quatre BIS terrasse de la Villette
Rue Major Lambruschini au numéro vingt-six
quatre lotissement Pasci Pecora, vingt mille Ajaccio
cinq chemin des Plages, vingt, cent dix, Propriano
quatre rue Colomba, vingt, zéro zéro zéro à Ajaccio
Lotissement Valle Longa, vingt mille cent vingt-quatre Zonza
Rue du Docteur Stéphanopoli, vingt, zéro zéro zéro Ajaccio
Rue du Comte Marbeuf, Ajaccio
Boulevard Madame Mère à Ajaccio
dix-neuf boulevard Jérome et Barthélémy Maglioli
Place de la Foata au numéro neuf
sept avenue Antoine Serafini, vingt mille Ajaccio
quatre lotissement La Pinède, vingt, cent vingt-huit, Albitreccia
trois lotissement U Furellu, vingt, cent soixante-sept à Afa
Rue des Glaçis, vingt mille Ajaccio
Rue De La Citadelle, vingt, cent trente-sept Porto-Vecchio
Cours du Général Leclerc, Ajaccio
Rue des Pecheurs à Propriano
deux lotissement Punta Rossa
Lotissement Le Clos des Melias au numéro huit
sept rue Archivolto, vingt mille cent soixante-neuf Bonifacio
huit rue Camille Pietri, vingt, cent dix, Propriano
quatre avenue du Premier Consul, vingt, zéro zéro zéro à Ajaccio
Lotissement Punta Di Vesco, vingt mille cent vingt-huit Grosseto-Prugna
Lotissement l'Oliveraie, vingt, cent soixante-sept Alata
Lotissement Domaine Punta d'Araso, Zonza
Rue Capitaine Paul Bosc à Ajaccio
trois rue Jean Pandolfi
Rue U Liamone au numéro quarante-sept
vingt-quatre rue U Rizzanese, vingt mille Ajaccio
vingt route de Sartène, vingt, zéro zéro zéro, Ajaccio
neuf rue de la Ribba, vingt, cent treize à Olmeto
Rue Michel Ottavi, vingt mille Ajaccio
Lotissement Rosu Marinu, vingt, cent quarante-cinq Sari-Solenzara
Rue Jean Baptiste Marcaggi, Ajaccio
Residence Alba Serena à Grosseto-Prugna
dix-sept place Carrega
Avenue Eugène Macchini au numéro trois
un A chemin d'Acqualonga, vingt mille Ajaccio
cinq rue Charles Tomasini, vingt, cent dix, Propriano
quatorze chemin de Pitigona, vingt, cent treize à Olmeto
Rue Ange Moretti, vingt mille Ajaccio
Boulevard Sampiero, vingt, zéro zéro zéro Ajaccio
Lotissement Domaine A Funtana, Albitreccia
Rue Martin Joseph Sorba à Propriano
dix rue Casanova d'Aracciani
Rue du Comte Bacciochi au numéro un
un A chemin Ajaccio A Appietto, vingt mille Ajaccio
vingt et un lotissement Le Belvedere de Favone, vingt, cent quarante-cinq, Sari-Solenzara
trois rue Sampiero, vingt, cent trente-sept à Porto-Vecchio
Lotissement un Caseddi deux, vingt mille cent dix Viggianello
Boulevard Tino Rossi, vingt, zéro zéro zéro Ajaccio
Ldt Pilano, Porto-Vecchio
Résidence Athéna à Grosseto-Prugna
cinq lotissement Accenello
Lotissement Les Cencieux au numéro deux
deux rue Lorenzo Vero, vingt mille Ajaccio
cinq lotissement Panorama du Port, vingt, cent quarante, Serra-di-Ferro
quatre montée Rastello, vingt, cent soixante-neuf à Bonifacio
Route de l'Amiraute, vingt mille Ajaccio
Lotissement Barbolosi Lu Vangonu, vingt, cent soixante-sept Appietto
Rue Général Levie, Ajaccio
Rue du Général Campi à Ajaccio
vingt et un cours Antoine Balisoni
Rue Docteur Camille de Roccaserra au numéro douze
trois rue U Fiumorbu, vingt mille Ajaccio
sept boulevard François Salini, vingt, zéro zéro zéro, Ajaccio
neuf passage de la Ghinghetta, vingt, zéro zéro zéro à Ajaccio
Rue Laetizia, vingt mille Ajaccio
Lotissement Les Jardins de San Eliseo, vingt, cent dix-sept Eccica-Suarella
Lotissement A Muvra d'Oro, Sari-Solenzara
Quai Banda del Ferro à Bonifacio
deux rue Joseph Pietri
Rue Rossi au numéro un BIS
quatre rue Docteur et Préfet Cauro, vingt mille Ajaccio
quatre-vingt-dix-neuf rue U Prunelli, vingt, zéro zéro zéro, Ajaccio
quatre résidence Hermes, vingt, cent vingt-huit à Grosseto-Prugna
Rue Abbatucci, vingt mille cent trente-sept Porto-Vecchio
Rue Michel Bozzi, vingt, zéro zéro zéro Ajaccio
Qrt des Cannes, Ajaccio
Rue Simon Varsi à Bonifacio
un A rue des Terrasses Fleuries
Rue Hyacinthe Campiglia au numéro dix-huit
un A rue du un er Bataillon de Choc, vingt mille Ajaccio
vingt rue San Lazaro, vingt, zéro zéro zéro, Ajaccio
soixante-douze P route Vittulo-Parc Saint-Lucie, vingt, zéro zéro zéro à Ajaccio
Lotissement Lomaki, vingt mille cent vingt-quatre Zonza
Chemin de Pietralba, vingt, zéro zéro zéro Ajaccio
Avenue Napoléon trois, Ajaccio
Passage Poggioli à Ajaccio
vingt-cinq rue Sœur Alphonse
Rue U Fangu au numéro sept
trois rue Chant de Mai, vingt mille cent soixante-neuf Bonifacio
dix-sept qrt Grosseti, vingt, cent dix, Propriano
quinze rue Docteur Paul Pompéani, vingt, zéro zéro zéro à Ajaccio
Rue Pozzo Di Borgo, vingt mille Ajaccio
Avenue du Docteur Noël Franchini, vingt, zéro zéro zéro Ajaccio
Boulevard Dominique Paoli, Ajaccio
Rue U Ninu à Ajaccio
soixante et un P place Miot
Rue Borgo au numéro douze
huit chemin de la Ribba, vingt mille cent treize Olmeto
six avenue Impératrice Eugénie, vingt, zéro zéro zéro, Ajaccio
cinq rue Aspirant Michelin, vingt, cent trente-sept à Porto-Vecchio
Rue Nicolas Lucchini, vingt mille cent treize Olmeto
Lotissement Zapparloso, vingt, cent vingt-quatre Zonza
Rue François Maglioli, Ajaccio
Rue Zevaco-Maire à Ajaccio
deux rue Général Sebastiani
Rue du Docteur Versini au numéro cinq
quatorze lotissement Super Panorama A Porto Pol, vingt mille cent quarante Serra-di-Ferro
quatre boulevard Masseria, vingt, zéro zéro zéro, Ajaccio
dix-huit lotissement Les Jardins de Tizzano, vingt, cent à Sartène
Rue Sergent Casalonga, vingt mille Ajaccio
Rue Étienne Conti, vingt, zéro zéro zéro Ajaccio
Lotissement Scudo trois, Ajaccio
Lotissement Rizzana à Sarrola-Carcopino
quatorze rue Paul Colonna d'Istria
Giardino au numéro cinq
cent vingt-huit P qrt Castelvecchio, vingt mille Ajaccio
six rue Docteur Joseph Balesi, vingt, cent trente-sept, Porto-Vecchio
vingt-deux lotissement Les Collines de Penisolu, vingt, cent dix-huit à Coggia
Chemin de Biancarello, vingt mille Ajaccio
Cours Jean Nicoli, vingt, zéro zéro zéro Ajaccio
Quai l'Herminier, Propriano
Rue Capitaine Livrelli à Ajaccio
un lotissement l'Alivellu
Rue Pasquale Paoli au numéro quatorze
cent quatre-vingt-dix-huit P qrt Mezzavia un Martinetti, vingt mille Ajaccio
six avenue Adolphe Landry, vingt, zéro zéro zéro, Ajaccio
sept BIS rue du Docteur Clada, vingt, zéro zéro zéro à Ajaccio
Qrt Bocca Del Oro, vingt mille cent trente-sept Porto-Vecchio
Boulevard Pascal Rossini, vingt, zéro zéro zéro Ajaccio
Rue Pierre Bonardi, Ajaccio
Rue U Tavignanu à Ajaccio
quatre impasse Ettori
Boulevard Lantivy au numéro douze
trois avenue Pascal Paoli, vingt mille Ajaccio
dix-huit rue des Bocche, vingt, cent soixante-neuf, Bonifacio
vingt-huit lotissement Arasu Supranu, vingt, cent vingt-quatre à Zonza
Route d'Alata, vingt mille Ajaccio
Lotissement Vignola, vingt, cent quatorze Figari
Lotissement Bella Vista, Ajaccio
Route de Pitigona à Olmeto
neuf cent cinq rue de Candia
Rue Madonetta au numéro six
soixante-huit P caserne Miollis, vingt mille Ajaccio
soixante-neuf P quai Port Plaisance Tino Rossi, vingt, zéro zéro zéro, Ajaccio
quinze rue des Frères Bartoli, vingt, cent à Sartène
Rue Félicien Marchi, vingt mille cent Sartène
Rue Louis Frediani, vingt, zéro zéro zéro Ajaccio
Rue Pierre Andreani, Porto-Vecchio
Terrasse Michaud-Imm Versini à Ajaccio
quatre rue Emmanuel ARÈNE
Carosaccia au numéro trois cent vingt et un P
un rue Simon Mela, vingt mille cent trente-sept Porto-Vecchio
trois cent quatre-vingt-onze qrt Renajola, vingt, cent trente-sept, Porto-Vecchio
huit P route des Sanguinaires, vingt, zéro zéro zéro à Ajaccio
Chemin du Finosello, vingt mille Ajaccio
Cipiniello, vingt, cent treize Olmeto
Lotissement Chiostrello, Zonza
Rue Torricella à Bonifacio