huit cHE ZIZA, quatre-vingt-dix-sept mille six cent cinquante M'Tsangamouji
seize rue Chimo, quatre-vingt-dix-sept, six cent cinquante, M'Tsangamouji
un cHE DJANFAR BACAR, quatre-vingt-dix-sept, six cent cinquante à M'Tsangamouji
RUE IBRAHIM RAMADANI COCONI, quatre-vingt-dix-sept mille six cent soixante-dix Ouangani
RUE DE L'AMITIE, quatre-vingt-dix-sept, six cent quinze Dzaoudzi
LOT COTE PLAGE, Dembéni
CHE MADI ABDOU HAMOURO à Bandrélé
quatre cHE DE LA FONTAINE
Rue de la Carrière Chembenyo au numéro seize
seize rue M'Bouyoujou, quatre-vingt-dix-sept mille six cent quinze Dzaoudzi
six mille neuf cent soixante-quatre rUE MADRASSE KAWENI, quatre-vingt-dix-sept, six cents, Mamoudzou
quatre rue Riziki Foungoulie, quatre-vingt-dix-sept, six cent soixante-dix à Ouangani
Rue Nahi Mkou, quatre-vingt-dix-sept mille six cent cinquante M'Tsangamouji
Ruelle Haoibouchie, quatre-vingt-dix-sept, six cent soixante Bandrélé
Rue Colo Fadila, M'Tsangamouji
RUE DES douze VILLAS BARAKANI à Ouangani
quatre-vingt-trois chemin Mosquée Cefe
Rue de École Primaire au numéro six mille cent soixante-dix-huit
six rue PPF, quatre-vingt-dix-sept mille six cent quinze Pamandzi
trente rUE MSAIDIE SIAKA KAHANI, quatre-vingt-dix-sept, six cent soixante-dix, Ouangani
vingt et un rue Antanambao, quatre-vingt-dix-sept, six cent cinquante à M'Tsangamouji
CHE OUMARI BOINA, quatre-vingt-dix-sept mille six cent cinquante M'Tsangamouji
Rue Mouzdalifa, quatre-vingt-dix-sept, six cent quinze Dzaoudzi
RUE KONDROJOU, Bandrélé
RUE DE LA MOSQUEE à Dzaoudzi
vingt-trois rTE NATIONALE trois
Rue Assani Houmadi au numéro six
dix-sept rUE VITA LEMENGO, quatre-vingt-dix-sept mille six cent quinze Pamandzi
douze rue Zevougnou, quatre-vingt-dix-sept, six cent cinquante, M'Tsangamouji
quatre vILLAGE DE PAMANDZI, quatre-vingt-dix-sept, six cent quinze à Pamandzi
Rue Assoumani Abdallah, quatre-vingt-dix-sept mille six cent cinquante M'Tsangamouji
Rue Disma, quatre-vingt-dix-sept, six cent soixante Bandrélé
CHE DADY HAMIDA, M'Tsangamouji
RUE DE MLIHA - MLIHA à M'Tsangamouji
cinq rue Moussa Sakalava
Rue Abdallah Djoumoi au numéro dix-neuf
deux rLE DES VACANCIERS BARAKANI, quatre-vingt-dix-sept mille six cent soixante-dix Ouangani
onze rUE DE LA BALANCE, quatre-vingt-dix-sept, six cent cinquante, M'Tsangamouji
six rLE SOUMAILA KANDZOU BARAKAN, quatre-vingt-dix-sept, six cent soixante-dix à Ouangani
RLE ZAINA MSOILI, quatre-vingt-dix-sept mille six cent soixante-dix Ouangani
IMP TROPINA - MIRERENI, quatre-vingt-dix-sept, six cent quatre-vingts Tsingoni
Rue M'Dogo Oili, Dzaoudzi
RUE MZE MATTOIR MBOUANATSA à Bouéni
deux rue Magnassini
RLE BA MOUSSILIMOU BARAKANI au numéro un
six eSC ANLI HELI, quatre-vingt-dix-sept mille six cent cinquante M'Tsangamouji
trois cHE WAILI, quatre-vingt-dix-sept, six cent cinquante, M'Tsangamouji
dix-neuf rue Cecile Bleue, quatre-vingt-dix-sept, six cent quinze à Dzaoudzi
ESC MABANDRANI BARAKANI, quatre-vingt-dix-sept mille six cent soixante-dix Ouangani
RLE BOBOKA - BARAKANI, quatre-vingt-dix-sept, six cent soixante-dix Ouangani
Rue Antanibazaha, M'Tsangamouji
Chemin de la SNIE à Bandrélé
un rUE DE LA CTAM
RUE SACO au numéro trente et un
vingt-trois rUE AMIR RIDJALI, quatre-vingt-dix-sept mille six cent cinquante M'Tsangamouji
vingt rUE DU CINEMA, quatre-vingt-dix-sept, six cents, Mamoudzou
vingt-cinq rUE CONVALESCENCE BARAKANI, quatre-vingt-dix-sept, six cent soixante-dix à Ouangani
RUE VETIVER, quatre-vingt-dix-sept mille six cents Mamoudzou
RUE DE LA CENTRALE EDM KAWEN, quatre-vingt-dix-sept, six cents Mamoudzou
RUE CHEF BE - BARAKANI, Ouangani
RUE DU BARRAGE MIRERENI à Tsingoni
vingt lOT DARINE MONJOLY ILONI
RUE BOUVET - COCONI au numéro un
quatre passage Bacar Bourzane, quatre-vingt-dix-sept mille six cent quinze Dzaoudzi
deux rue Koudjouni, quatre-vingt-dix-sept, six cent cinquante, M'Tsangamouji
neuf rue du Jardin Moya, quatre-vingt-dix-sept, six cent quinze à Dzaoudzi
Rue Sirf, quatre-vingt-dix-sept mille six cent quinze Dzaoudzi
Rue Boubouni, quatre-vingt-dix-sept, six cents Mamoudzou
RUE DE MAHABOU, Mamoudzou
RUE MANGA M'KAKASSI à Mamoudzou
trente et un rue Barakani
IMP BOURHANI au numéro quatorze
quinze rue Mariazé, quatre-vingt-dix-sept mille six cents Mamoudzou
quarante rue Bacar Ridjali, quatre-vingt-dix-sept, six cent cinquante, M'Tsangamouji
cinq impasse Moustoifa Assani, quatre-vingt-dix-sept, six cent cinquante à M'Tsangamouji
Ruelle Bassa, quatre-vingt-dix-sept mille six cent quinze Pamandzi
Rue Hamada Said, quatre-vingt-dix-sept, six cent cinquante M'Tsangamouji
Chemin Mouhajoujou, Bandrélé
Rue l'Hôtel de Ville à Dzaoudzi
vingt-sept rue Bacar Tsimanda
RTE NATIONALE quatre au numéro quarante-sept
onze rue Fangalotorou, quatre-vingt-dix-sept mille six cent cinquante M'Tsangamouji
cent quarante-cinq cD quatre, quatre-vingt-dix-sept, six cent soixante, Bandrélé
quatorze rue Mariadjani, quatre-vingt-dix-sept, six cent quinze à Dzaoudzi
Rue d'Ankiaka, quatre-vingt-dix-sept mille six cent cinquante M'Tsangamouji
RUE MARACAGNA, quatre-vingt-dix-sept, six cents Mamoudzou
CHE FOUNDI MALIDI DJABOU, M'Tsangamouji
CHE DADI HAMPI à M'Tsangamouji
quinze impasse Jarry
Rue Mdallah Foundi au numéro dix-huit
six mille sept cent quatre-vingt-onze rue Maevantana, quatre-vingt-dix-sept mille six cents Mamoudzou
quatre aLL BASSELE, quatre-vingt-dix-sept, six cent quinze, Dzaoudzi
deux chemin Tsey, quatre-vingt-dix-sept, six cent cinquante à M'Tsangamouji
Rue Godo, quatre-vingt-dix-sept mille six cent cinquante M'Tsangamouji
Rue Bambao, quatre-vingt-dix-sept, six cent quinze Dzaoudzi
Passage Bouéni Moidzioi, Dzaoudzi
Rue Villa Marine à Dzaoudzi
sept rue Mawa
Chemin Zalia Fiska au numéro six
douze rUE COMBO OUSSENI BARAKANI, quatre-vingt-dix-sept mille six cent soixante-dix Ouangani
neuf passage Brazzaville, quatre-vingt-dix-sept, six cent quinze, Dzaoudzi
sept rUE ALI MLOZA - BARAKANI, quatre-vingt-dix-sept, six cent soixante-dix à Ouangani
RLE DU CADI - BARAKANI, quatre-vingt-dix-sept mille six cent soixante-dix Ouangani
Rue Moikombo Ambelahi, quatre-vingt-dix-sept, six cent cinquante M'Tsangamouji
Rue de la Mizane, M'Tsangamouji
Rue Bahoni à Pamandzi
trente-trois rUE DE LA VANILLE BARAKANI
Rue Ciné deux mille au numéro vingt-deux
six rUE BATAMI, quatre-vingt-dix-sept mille six cent cinquante M'Tsangamouji
dix rUE KAHANI YO OUJOU KAHANI, quatre-vingt-dix-sept, six cent soixante-dix, Ouangani
six rue Ambassadeur, quatre-vingt-dix-sept, six cents à Mamoudzou
RUE MOSQUEE DE VENDREDI - DAPA, quatre-vingt-dix-sept mille six cent soixante Bandrélé
Rue Mzé Tchadala, quatre-vingt-dix-sept, six cent soixante-dix Ouangani
Rue Mariame Ali M'Raraya, Dzaoudzi
RUE PASSI BOINA KAIM à Mamoudzou
huit rUE DU STADE - BARAKANI
RUE MALANA - NYAMBADAO au numéro quarante-quatre
treize chemin Toto, quatre-vingt-dix-sept mille six cent quinze Dzaoudzi
huit cHE PAPA LAHI, quatre-vingt-dix-sept, six cent cinquante, M'Tsangamouji
deux A rue Mnadzi Moja, quatre-vingt-dix-sept, six cents à Mamoudzou
Chemin Mazabibou, quatre-vingt-dix-sept mille six cent quinze Dzaoudzi
Rue Mjimpia, quatre-vingt-dix-sept, six cent cinquante M'Tsangamouji
Passage Binti Ousséni, Dzaoudzi
Rue Kwanandzi à M'Tsangamouji
vingt et un cHE SIMBA FE
Rue Abdallah Houmadi au numéro douze
un rue de la Batterie Sud, quatre-vingt-dix-sept mille six cent quinze Dzaoudzi
dix rue Mari di Manga, quatre-vingt-dix-sept, six cent quinze, Dzaoudzi
trente-deux rUE MADI COMBO CHEMBENYOUMBA, quatre-vingt-dix-sept, six cent cinquante à M'Tsangamouji
Avenue de la Préfecture, quatre-vingt-dix-sept mille six cent quinze Dzaoudzi
Passage Madi Rama, quatre-vingt-dix-sept, six cent quinze Dzaoudzi
RUE CHAKA CHEMBENYOUNBA, M'Tsangamouji
IMP KAVENI à Mamoudzou
six rUE FATIMA SELEMANI
Ruelle Mariame Baco au numéro cinq
deux cHE MCOLONI, quatre-vingt-dix-sept mille six cent cinquante M'Tsangamouji
dix-neuf vILLAGE DE KOUNGOU, quatre-vingt-dix-sept, six cents, Koungou
quatre pLA KABARI, quatre-vingt-dix-sept, six cent quinze à Pamandzi
Chemin Dady Mazena, quatre-vingt-dix-sept mille six cent quinze Dzaoudzi
Chemin Daoudou Angaya, quatre-vingt-dix-sept, six cent cinquante M'Tsangamouji
RUE DE LA MOSQUEE KAVANI, Mamoudzou
RUE DE LA COOPERATIVE CHEMBE à M'Tsangamouji
quatre-vingt-quatorze rTE DE MOYA
Rue Georges Nahouda au numéro vingt-cinq
quatre rue Brazzaville, quatre-vingt-dix-sept mille six cent quinze Dzaoudzi
quatre rUE MOICHIDOU, quatre-vingt-dix-sept, six cent cinquante, M'Tsangamouji
cinq rLE A PIC, quatre-vingt-dix-sept, six cent quinze à Dzaoudzi
RUE MCOLO GUENI, quatre-vingt-dix-sept mille six cent cinquante M'Tsangamouji
CHE DES PALETUVIERS, quatre-vingt-dix-sept, six cents Mamoudzou
RTE DE VAHIBE, Mamoudzou
RUE OUSSINE à Pamandzi
cinquante et un rUE DE LA BIBLIOTHEQUE BARAK
CHE MOINA KOKO au numéro sept BIS
douze route des Badamiers, quatre-vingt-dix-sept mille six cent quinze Dzaoudzi
sept mille dix-huit rUE DU COLLEGE DE M'GOMBANI, quatre-vingt-dix-sept, six cents, Mamoudzou
huit chemin Douara, quatre-vingt-dix-sept, six cent cinquante à M'Tsangamouji
Rue Coco Mavre, quatre-vingt-dix-sept mille six cent cinquante M'Tsangamouji
RUE DES seize VILLAS KAVANI, quatre-vingt-dix-sept, six cents Mamoudzou
CHE MAYTSOU, M'Tsangamouji
CHE RACHIDI - HAMOURO à Bandrélé
vingt-quatre rue Manga Magari
CHE MALGACHE - HAMOURO au numéro quatre
trois pLA CONGRES, quatre-vingt-dix-sept mille six cent quinze Pamandzi
deux chemin Chilindrojou, quatre-vingt-dix-sept, six cent soixante, Bandrélé
dix-sept rUE ZALFATA ATTOUMANE - KAHANI, quatre-vingt-dix-sept, six cent soixante-dix à Ouangani
RLE POROPO - BARAKANI, quatre-vingt-dix-sept mille six cent soixante-dix Ouangani
RLE MZE MORA, quatre-vingt-dix-sept, six cent soixante-dix Ouangani
RUE DES AMITIES, Mamoudzou
Chemin Soza à Dzaoudzi
neuf rLE BRAZZAVILLE
RLE DADY JEUNE au numéro neuf
six pAS COCO M'KOU DJOU, quatre-vingt-dix-sept mille six cent quinze Dzaoudzi
huit rue Halidi Mari, quatre-vingt-dix-sept, six cent cinquante, M'Tsangamouji
un cHE MOULINACO, quatre-vingt-dix-sept, six cent cinquante à M'Tsangamouji
CHE CACHE, quatre-vingt-dix-sept mille six cent quinze Dzaoudzi
RUE D AMBATO, quatre-vingt-dix-sept, six cent cinquante M'Tsangamouji
Chemin Kamissi, M'Tsangamouji
RUE BENARA à Ouangani
six rUE LAZA
Rue Kavani au numéro trente et un
vingt-trois ruelle Manga Milissi, quatre-vingt-dix-sept mille six cent soixante Bandrélé
sept rUE BAMBAO - KAHANI, quatre-vingt-dix-sept, six cent soixante-dix, Ouangani
treize rUE DES HIBISCUS, quatre-vingt-dix-sept, six cent quinze à Dzaoudzi
Ruelle Dankalé, quatre-vingt-dix-sept mille six cent quinze Dzaoudzi
CHE ADALLADALA, quatre-vingt-dix-sept, six cent cinquante M'Tsangamouji
Rue Mamawé, Mamoudzou
Rue Abdou Rahim à Dzaoudzi
huit pLE BOURAHIMA COLOURASSI
Chemin Maraou au numéro neuf
six rUE MZE TAMOU, quatre-vingt-dix-sept mille six cent cinquante M'Tsangamouji
quinze rLE ANTANANARIVE, quatre-vingt-dix-sept, six cent quinze, Pamandzi
six mille neuf cent soixante-trois rUE WASTOI - KAWENI, quatre-vingt-dix-sept, six cents à Mamoudzou
RLE PAMANDZI KELY, quatre-vingt-dix-sept mille six cent quinze Dzaoudzi
Route Andimaka, quatre-vingt-dix-sept, six cent cinquante M'Tsangamouji
IMP MOITSATSA, M'Tsangamouji
Chemin Folocotsoni à Bandrélé
quatre chemin Mfénessijou
RUE ALI ABDALLAH DJAHA au numéro quinze
sept rUE BADROU, quatre-vingt-dix-sept mille six cent quinze Dzaoudzi
cinq rue Sim, quatre-vingt-dix-sept, six cent quinze, Dzaoudzi
vingt-neuf vILLAGE DE BANDRELE, quatre-vingt-dix-sept, six cent soixante à Bandrélé
Ruelle de la Mosquée du Vendredi, quatre-vingt-dix-sept mille six cent soixante Bandrélé
Rue de École Barakani deux, quatre-vingt-dix-sept, six cent soixante-dix Ouangani
Ruelle Batsara, Dzaoudzi
RUE LAZEREVOUNI à Mamoudzou
trente-trois rUE AMINA ALI M'BINGA
RUE CHANFI au numéro deux
sept rue Mcolo Mainty, quatre-vingt-dix-sept mille six cent cinquante M'Tsangamouji
un rUE KOUNAOU VANGA, quatre-vingt-dix-sept, six cent soixante-dix, Ouangani
seize rUE DU MONT CHICONI, quatre-vingt-dix-sept, six cent soixante-dix à Chiconi
Passage Dady Sala, quatre-vingt-dix-sept mille six cent quinze Dzaoudzi
RUE DAHILOU - MTSAPERE, quatre-vingt-dix-sept, six cents Mamoudzou
RUE BANDRABASSE, Pamandzi
RUE COLO BEHEBE à M'Tsangamouji
six mille neuf cent quatre-vingt-un rue Mosquée du Vendredi
RUE MADI ADA au numéro un
trois rUE DU CLANDESTIN, quatre-vingt-dix-sept mille six cent quinze Dzaoudzi
dix rUE DE LA MOSQUEE SADRAVANGUE, quatre-vingt-dix-sept, six cent quinze, Pamandzi
vingt et un rUE MAGOCHI NTCHORA, quatre-vingt-dix-sept, six cent quinze à Dzaoudzi
PAS DE LA BANQUE, quatre-vingt-dix-sept mille six cent quinze Dzaoudzi
Boulevard des Crabes, quatre-vingt-dix-sept, six cent quinze Dzaoudzi
RUE CHARLES DE GAULLE BARAKA, Ouangani
Chemin Soua à M'Tsangamouji
un cHE BOURA OUSSENI MIRADJI
RTE DE KWALE TSOUNDZOUdeux au numéro sept
cinq rLE ABDALLAH MONDROHA - KAHANI, quatre-vingt-dix-sept mille six cent soixante-dix Ouangani
dix-neuf cHE SAMBI ANDRIGNI, quatre-vingt-dix-sept, six cent cinquante, M'Tsangamouji
un cHE BAOUBANI, quatre-vingt-dix-sept, six cent cinquante à M'Tsangamouji
Rue des Baobab, quatre-vingt-dix-sept mille six cent quinze Pamandzi
LOT TROTRONDJEOU, quatre-vingt-dix-sept, six cent quinze Pamandzi
RUE DU COLLEGE DOUJANI MTSAP, Mamoudzou
Rue Talaka à Dzaoudzi
quatre mille six cent soixante-neuf F aV ANDRIANTSOULI
Chemin Mamzouri au numéro seize
quatre cHE CHABABIDINE, quatre-vingt-dix-sept mille six cent quinze Dzaoudzi
huit rLE MANGAJOU, quatre-vingt-dix-sept, six cent soixante, Bandrélé
onze rue Combo Souffou, quatre-vingt-dix-sept, six cent cinquante à M'Tsangamouji
RUE DE LA MOSQUEE PAMANDZI KE, quatre-vingt-dix-sept mille six cent quinze Dzaoudzi
PLA DE FRANCE, quatre-vingt-dix-sept, six cent quinze Dzaoudzi
RUE DOUE, M'Tsangamouji
IMP BABAZALIA à M'Tsangamouji
quatre chemin Tsimaka
RUE NEMA au numéro quatre
quatorze chemin de la Mosquée de Vendredi, quatre-vingt-dix-sept mille six cent soixante Bandrélé
dix cHE AMADI IBRAHIM, quatre-vingt-dix-sept, six cent cinquante, M'Tsangamouji
trois rUE MCHE LACLE, quatre-vingt-dix-sept, six cent soixante-dix à Ouangani
RUE CHEIK ABDREMA, quatre-vingt-dix-sept mille six cents Mamoudzou
CHE CAFE, quatre-vingt-dix-sept, six cent cinquante M'Tsangamouji
Rue Hamada Ousseni, M'Tsangamouji
Rue Mama-Dady à Dzaoudzi
huit chemin Makalamou
RUE DE LA PREFECTURE - PASSAMA au numéro quatre mille cinq cent deux F
sept mille sept rUE DU FOYER DES JEUNES, quatre-vingt-dix-sept mille six cents Mamoudzou
trois passage de la Garderie, quatre-vingt-dix-sept, six cent quinze, Dzaoudzi
quatre square Papaye, quatre-vingt-dix-sept, six cents à Mamoudzou
ESC HOURA HOURA, quatre-vingt-dix-sept mille six cent cinquante M'Tsangamouji
M'TSANGANI, quatre-vingt-dix-sept, six cent soixante Bandrélé
IMP DU COURANT, Mamoudzou
IMP DE LA RAVINE à Dzaoudzi
six mille un F rUE DE LA NOUVELLE BRIQUETERIE
RUE DE L'HOPITAL au numéro trente-quatre
neuf sEN DADI TIF, quatre-vingt-dix-sept mille six cent cinquante M'Tsangamouji
treize rUE CHANDZA BOLE KAVANI, quatre-vingt-dix-sept, six cents, Mamoudzou
sept mille cinq cent dix-sept rUE DU GRAND CANIVEAU, quatre-vingt-dix-sept, six cents à Mamoudzou
RUE SALIM MARI, quatre-vingt-dix-sept mille six cent quinze Dzaoudzi
Rue Sarahangue, quatre-vingt-dix-sept, six cents Mamoudzou
CHE DE LA GEOLE, Mamoudzou
CHE PEPA à M'Tsangamouji
dix-neuf rUE DECASES
RLE DE LA MJC - BARAKANI au numéro deux
six rUE DES CONGRES, quatre-vingt-dix-sept mille six cent quinze Pamandzi
un cHE ALI RAMA, quatre-vingt-dix-sept, six cent cinquante, M'Tsangamouji
huit impasse Antanivatou, quatre-vingt-dix-sept, six cent cinquante à M'Tsangamouji
RUE MOUSLIMOU BOUHARI - KAHANI, quatre-vingt-dix-sept mille six cent soixante-dix Ouangani
BD DU BAOBAB, quatre-vingt-dix-sept, six cents Mamoudzou
RUE LOS ANGELES, Mamoudzou
Passage Ali Baco Moina à Dzaoudzi
trois rue Assani Bacar
Rue Said Papa au numéro trois
deux cHE MKADARA, quatre-vingt-dix-sept mille six cent cinquante M'Tsangamouji
deux rUE M'JIHARI, quatre-vingt-dix-sept, six cents, Mamoudzou
quatre mille un rUE DES FILAOS TSOUNDZOUdeux, quatre-vingt-dix-sept, six cents à Mamoudzou
PL DIGO, quatre-vingt-dix-sept mille six cent cinquante M'Tsangamouji
RUE DOUJANI, quatre-vingt-dix-sept, six cents Mamoudzou
RUE CHILINDRONI, Mamoudzou
CHE BOBOKA - NYAMBADAO à Bandrélé
vingt-six aV DE BRUXELLES
RUE CHEIK ABDEREMANE - KAWENI au numéro neuf
quatre rUE SALAMA MADI, quatre-vingt-dix-sept mille six cent cinquante M'Tsangamouji
huit rue Salamani, quatre-vingt-dix-sept, six cents, Mamoudzou
vingt-neuf rUE DES ECOLES - KAVANI, quatre-vingt-dix-sept, six cents à Mamoudzou
RLE SOILIHI MVOULANA KAHANI, quatre-vingt-dix-sept mille six cent soixante-dix Ouangani
Rue Hachiwawa, quatre-vingt-dix-sept, six cent quinze Pamandzi
Rue de M'Gombani, Mamoudzou
Rue Chandrani à Pamandzi
dix rue Roubi
RLE ANIHIAKA au numéro cinq
un rUE DES cent VILLAS KAVANI, quatre-vingt-dix-sept mille six cents Mamoudzou
quatre passage Nylo, quatre-vingt-dix-sept, six cent quinze, Dzaoudzi
un cHE DRODRO, quatre-vingt-dix-sept, six cent cinquante à M'Tsangamouji
RUE DE LA GRDE TRAVERSEE -KAWE, quatre-vingt-dix-sept mille six cents Mamoudzou
Rue Zamantalé, quatre-vingt-dix-sept, six cents Mamoudzou
CHE DE LA CONVALESCENCE - KAVA, Mamoudzou
RUE MUR PARLE - KAHANI à Ouangani
six mille huit cents rUE SAID CAFE
RUE M'GOMBANI au numéro cinq
sept passage Boina Djoumbe, quatre-vingt-dix-sept mille six cent quinze Dzaoudzi
un rUE BA CHEHOU BARAKANI, quatre-vingt-dix-sept, six cent soixante-dix, Ouangani
quatre mille F rUE BCLE DE LA STATION SERVICE, quatre-vingt-dix-sept, six cents à Mamoudzou
Rue des Cimetiéres, quatre-vingt-dix-sept mille six cents Mamoudzou
Ruelle Ousséni Boina, quatre-vingt-dix-sept, six cent quinze Dzaoudzi
ESC NENI MOUSSA, M'Tsangamouji
RUE M'BAMBOUNI à Mamoudzou
trois cHE ANTSOURANGUI
RLE DZAOU - KAHANI au numéro quinze
seize rUE MOIDZIOI RAHISSI, quatre-vingt-dix-sept mille six cent quinze Dzaoudzi
deux chemin Boira Allaoui, quatre-vingt-dix-sept, six cent quinze, Dzaoudzi
onze rUE DES HIBISCUS - KAVANI, quatre-vingt-dix-sept, six cents à Mamoudzou
Chemin Mena Ankandzou, quatre-vingt-dix-sept mille six cent cinquante M'Tsangamouji
RUE VIEUX BASSIN, quatre-vingt-dix-sept, six cent quinze Dzaoudzi
RUE COTE D OR VANIN MTSAPERE, Mamoudzou
RUE VATOUPEFAKA à M'Tsangamouji
trois rUE ABDOU KASSIM
PAS SANS ISSUE au numéro cinq
trois cHE SALAMA MOUDZOUANI, quatre-vingt-dix-sept mille six cent cinquante M'Tsangamouji
six cHE SOUFFOU HALIDI, quatre-vingt-dix-sept, six cent cinquante, M'Tsangamouji
vingt-deux pL MARIAGE, quatre-vingt-dix-sept, six cents à Mamoudzou
Rue Zanssigne, quatre-vingt-dix-sept mille six cent cinquante M'Tsangamouji
Rue Yéla, quatre-vingt-dix-sept, six cent cinquante M'Tsangamouji
RUE KAKAL - KAWENI, Mamoudzou
PL DU COMMANDANT PASSOT à Mamoudzou
un chemin Maridjani
Rue des Jardin au numéro trente
cinq rUE DU JARDIN FLEURI KAVANI, quatre-vingt-dix-sept mille six cents Mamoudzou
huit cHE DAOUDOU ATTOUMANI, quatre-vingt-dix-sept, six cent cinquante, M'Tsangamouji
quarante-huit rUE BABOUS SALAMA KAVANI, quatre-vingt-dix-sept, six cents à Mamoudzou
CHE FATIMA SAID DZAKOU, quatre-vingt-dix-sept mille six cent cinquante M'Tsangamouji
Ruelle Baitissalam, quatre-vingt-dix-sept, six cent soixante Bandrélé
Ruelle Dady Nikalou, Dzaoudzi
Rue MComoni à M'Tsangamouji
quatre rue Moiboira
RLE DU REMBLAIE au numéro sept
douze rUE FARGEON PASSAMAINTY, quatre-vingt-dix-sept mille six cents Mamoudzou
un rUE DE LA MATERNELLE CHAMBEN, quatre-vingt-dix-sept, six cent cinquante, M'Tsangamouji
six iMP MATERNELLE PLATEAU, quatre-vingt-dix-sept, six cent cinquante à M'Tsangamouji
RLE PAPA ALBERT, quatre-vingt-dix-sept mille six cent quinze Dzaoudzi
AV DE L'ARCHIPEL, quatre-vingt-dix-sept, six cents Mamoudzou
Chemin Boura Mgazi, M'Tsangamouji
VILLAGE DE MAMOUDZOU à Mamoudzou
vingt-deux rUE DE VAHIBE PASSAMAINTY
RLE TCHORA au numéro sept
un cHE AMADY SAINDOU, quatre-vingt-dix-sept mille six cent cinquante M'Tsangamouji
onze rUE PLACE MARIAGE, quatre-vingt-dix-sept, six cents, Mamoudzou
quatre rue Attoumani Dimassi, quatre-vingt-dix-sept, six cent cinquante à M'Tsangamouji
CHE DEVO, quatre-vingt-dix-sept mille six cent cinquante M'Tsangamouji
RUE DU SMIAM, quatre-vingt-dix-sept, six cent quinze Pamandzi
Rue Marindrini, Mamoudzou
CHE LANDZA à M'Tsangamouji
six cHE MADI PARE
RUE DES CADIS au numéro sept
deux chemin Attoumani Vagabond, quatre-vingt-dix-sept mille six cent cinquante M'Tsangamouji
quatre mille trois cent dix-sept F rue Dinahou, quatre-vingt-dix-sept, six cents, Mamoudzou
trois cHE OUSSENI ECHAT, quatre-vingt-dix-sept, six cent cinquante à M'Tsangamouji
RUE DES MANGUIERS, quatre-vingt-dix-sept mille six cents Mamoudzou
RTE DE RASSI, quatre-vingt-dix-sept, six cent soixante-dix Chiconi
CHE DE LA MOSQUEE HAMOURO, Bandrélé
RUE SALAMATSARA PASSAMAINTY à Mamoudzou
sept vEN DU JAQUIER
ESC HAMADA ALI MARI au numéro un
six pLA DE LA MAIRIE, quatre-vingt-dix-sept mille six cent quinze Pamandzi
deux rue Echat et Mariame Adame, quatre-vingt-dix-sept, six cent cinquante, M'Tsangamouji
quatre cHE ASSOUMANI TCHAMBOUHE, quatre-vingt-dix-sept, six cent cinquante à M'Tsangamouji
RUE DE L'ABONDANCE KAWENI, quatre-vingt-dix-sept mille six cents Mamoudzou
Chemin Bouch Toira, quatre-vingt-dix-sept, six cent quinze Dzaoudzi
Rue Bacar Djoumoi, Dzaoudzi
Ruelle de la Riviére à Mamoudzou
quarante et un rUE DU GOLF
Rue Maévantana au numéro cent quarante-quatre
sept rUE DES AGAVES, quatre-vingt-dix-sept mille six cents Mamoudzou
six rue Simana, quatre-vingt-dix-sept, six cent quinze, Dzaoudzi
huit mille quatre cent quatre-vingt-neuf rUE DES dix VILLAS PASAMAINTY, quatre-vingt-dix-sept, six cents à Mamoudzou
RLE ALI MABOU, quatre-vingt-dix-sept mille six cent soixante-dix Ouangani
RUE BAMBAO, quatre-vingt-dix-sept, six cent quinze Pamandzi
RUE MIMOSA - KAVANI, Mamoudzou
Rue Mhogoni à Pamandzi
quatre mille quarante-deux F rUE BELLE VUE KAVANI
Rue Tchagniltrou au numéro trois
quatre cHE PARKING CENTRAL HAMOURO, quatre-vingt-dix-sept mille six cent soixante Bandrélé
vingt-deux rUE KANALENI - KAVANI, quatre-vingt-dix-sept, six cents, Mamoudzou
dix chemin Lapin, quatre-vingt-dix-sept, six cent soixante à Bandrélé
RUE DU CIMETIERE PASSAMAINTY, quatre-vingt-dix-sept mille six cents Mamoudzou
Route de Vahibé, quatre-vingt-dix-sept, six cents Mamoudzou
RUE STARA, Mamoudzou
CHE MOUSSA MALOU à M'Tsangamouji
un rUE BOUCLE KARDJAVINDZA
Avenue de la Légion Étrangère au numéro trois
quatre mille six cent soixante-treize F pL DE L'ANCIEN MARCHE, quatre-vingt-dix-sept mille six cents Mamoudzou
trois B rue Coussirou, quatre-vingt-dix-sept, six cent quinze, Pamandzi
deux rUE DE LA TELECOMMUNICATION, quatre-vingt-dix-sept, six cent quinze à Pamandzi
CHE RIVIERE DE KWALE TSOUN deux, quatre-vingt-dix-sept mille six cents Mamoudzou
Rue Pamandzi Kély, quatre-vingt-dix-sept, six cent quinze Dzaoudzi
RUE DES ATELIERS KAWENI, Mamoudzou
Passage Ba Dedza à Dzaoudzi
deux qUA M'BAMBOUNI
Rue Trotrondjéou au numéro cent sept
deux A pL DINAHOU, quatre-vingt-dix-sept mille six cents Mamoudzou
six rue du Grand Cadi, quatre-vingt-dix-sept, six cent quinze, Pamandzi
seize rUE MAHABOURINI KAWENI, quatre-vingt-dix-sept, six cents à Mamoudzou
RLE DES dix VILLAS, quatre-vingt-dix-sept mille six cents Mamoudzou
Rue Bonovo, quatre-vingt-dix-sept, six cents Mamoudzou
RUE BOELACHINGO, Mamoudzou
RUE DU JARDIN DES EPICES à Mamoudzou
quatre mille trente-six F pL DU NOUVEAU MARCHE
Rue Dass au numéro dix
quatre passage Missioulou, quatre-vingt-dix-sept mille six cent quinze Dzaoudzi
deux cHE SAINDOU ALI VITA, quatre-vingt-dix-sept, six cent cinquante, M'Tsangamouji
un rue du Cadi, quatre-vingt-dix-sept, six cent quinze à Pamandzi
Chemin Tzandza Rafa, quatre-vingt-dix-sept mille six cent soixante Bandrélé
Route Ourini Tsidiska, quatre-vingt-dix-sept, six cent soixante-dix Chiconi
RUE PAPA ALBERT, Dzaoudzi
RUE DE LA SPPM KAWENI à Mamoudzou
deux rUE ALI SOILIHI - DAPANI
M'TSAPERE au numéro cinq
quatre mille rUE DES FLORALIES TSOUNDZOUdeux, quatre-vingt-dix-sept mille six cents Mamoudzou
vingt-trois rUE DES ECOLES TSOUNDZOU, quatre-vingt-dix-sept, six cents, Mamoudzou
quatre mille six F rTE DE LA MANGROVE, quatre-vingt-dix-sept, six cents à Mamoudzou
RUE DU MANGUIER TSOUNDZOUdeux, quatre-vingt-dix-sept mille six cents Mamoudzou
CHE VELOU AMISSI, quatre-vingt-dix-sept, six cent soixante-dix Chiconi
Passage de la Sodifram, Dzaoudzi
Impasse du Lagon à Mamoudzou
dix-neuf rue Foundi Ousséni
AV JEAN MERMOZ au numéro un
six cHE RACHADI, quatre-vingt-dix-sept mille six cent cinquante M'Tsangamouji
trois rue Zakia Madi, quatre-vingt-dix-sept, six cent soixante-dix, Ouangani
quatre rUE SAID KAFE - MTSAPERE, quatre-vingt-dix-sept, six cents à Mamoudzou
RUE CAVANI BE PASSAMAINTY, quatre-vingt-dix-sept mille six cents Mamoudzou
Rue Madi Soilihi, quatre-vingt-dix-sept, six cent cinquante M'Tsangamouji
RUE DE LA BRIQUETERIE KAVANI, Mamoudzou
RUE DU MANGUIER BARAKANI à Ouangani
cinq rUE DE L'AVIATION
RUE DE LA GEOLE - KAWENI au numéro sept
mille rLE MALBORO HANDREMA, quatre-vingt-dix-sept mille six cent cinquante Bandraboua
quatorze rUE DU CINEMA AL PAJOE, quatre-vingt-dix-sept, six cents, Mamoudzou
quatre mille rUE DE VILLELE KAVANI, quatre-vingt-dix-sept, six cents à Mamoudzou
Route Bilambou, quatre-vingt-dix-sept mille six cent soixante-dix Chiconi
RUE MARIAGE, quatre-vingt-dix-sept, six cents Mamoudzou
RUE MWANA MADI, Pamandzi
RUE HAUTS DES ECOLES PRIMAIRES à Mamoudzou
quarante et un rUE MANDZARSOA MTSAPERE
RUE MARIDJAN au numéro onze
douze rue Mazouhoura, quatre-vingt-dix-sept mille six cent soixante Bandrélé
vingt-huit bD DU STADE - KAVANI, quatre-vingt-dix-sept, six cents, Mamoudzou
quatre mille F rUE DE L'ANCIEN MARCHE, quatre-vingt-dix-sept, six cents à Mamoudzou
RUE MNADZI MOJA PASSAMAINTY, quatre-vingt-dix-sept mille six cents Mamoudzou
RUE MAHABA - MTSAPERE, quatre-vingt-dix-sept, six cents Mamoudzou
BD DE PONT DE VIVEAUX, Mamoudzou